,Rank,Name,Year,Genre,Publisher,NA_Sales,EU_Sales,JP_Sales,Other_Sales,Global_Sales
0,14710,319,2011.0,1,11,0.0,0.0,0.7071067811865475,0.0,0.7071067811865475
1,2738,83,2010.0,3,9,0.5166395113876998,0.20885427056098504,0.0,0.09893097026572975,0.8244247522144146
2,13538,158,2011.0,4,29,0.7071067811865476,0.0,0.0,0.0,0.7071067811865476
3,13800,256,2009.0,8,32,0.6,0.0,0.0,0.0,0.7999999999999999
4,8062,521,2009.0,0,9,0.5711872077128709,0.0,0.0,0.21968738758187342,0.7908745952947442
5,10880,517,1998.0,10,100,0.0,0.0,0.7071067811865476,0.0,0.7071067811865476
6,861,400,2010.0,4,100,0.4208614641369748,0.3400900720298786,0.0,0.07652026620672268,0.8374718023735761
7,695,89,2011.0,0,34,0.40555675533540775,0.2816366356495887,0.05632732712991774,0.11640980940182999,0.8599305275167441
8,500,185,2001.0,10,101,0.29348313250349733,0.09486323474860521,0.4090976998533599,0.059289521717878255,0.8567335888233408
9,10666,178,2005.0,9,74,0.0,0.0,0.7071067811865475,0.0,0.7071067811865475
10,4246,515,2014.0,8,21,0.21462818807668885,0.518684787851998,0.0,0.08942841169862037,0.8227413876273073
11,12104,431,2006.0,5,114,0.5661385170722978,0.22645540682891913,0.0,0.0,0.792593923901217
12,5403,146,2007.0,10,100,0.0,0.7071067811865475,0.0,0.0,0.7071067811865475
13,12709,246,2011.0,6,43,0.6350006350009525,0.0,0.0,0.1270001270001905,0.762000762001143
14,14661,202,2013.0,1,24,0.0,0.0,0.7071067811865475,0.0,0.7071067811865475
15,15343,476,2013.0,1,60,0.0,0.0,0.7071067811865476,0.0,0.7071067811865476
16,11759,247,2014.0,7,98,0.0,0.0,0.7071067811865476,0.0,0.7071067811865476
17,15853,512,2007.0,10,116,0.0,0.0,0.7071067811865476,0.0,0.7071067811865476
18,12733,498,2005.0,0,25,0.5494422557947561,0.13736056394868904,0.0,0.0,0.824163383692134
19,10165,405,2008.0,4,23,0.6711560552140243,0.0,0.0,0.06711560552140243,0.7382716607354267
20,8260,289,2008.0,10,40,0.6847367880174606,0.0,0.0,0.04279604925109129,0.7275328372685519
21,11763,6,2009.0,1,8,0.7071067811865476,0.0,0.0,0.0,0.7071067811865476
22,9063,61,2011.0,4,90,0.5303300858899106,0.17677669529663687,0.05892556509887896,0.05892556509887896,0.8249579113843055
23,9466,250,2005.0,4,25,0.5997601439040672,0.17992804317122013,0.0,0.0,0.7796881870752873
24,701,528,2015.0,0,69,0.0,0.0,0.7071067811865476,0.0,0.7071067811865476
25,2190,123,2015.0,8,114,0.3171221467447473,0.37148594332956114,0.04530316382067819,0.13590949146203457,0.8607601125928857
26,1868,446,2003.0,7,89,0.4212327394808181,0.16381273202031812,0.24181879488713628,0.031202425146727265,0.8580666915349998
27,6376,276,2002.0,6,40,0.5857074126574228,0.1757122237972268,0.0,0.02928537063287114,0.7907050070875208
28,11704,255,2015.0,0,67,0.0,0.6585046078685182,0.0,0.0,0.7525766947068778
29,410,20,2015.0,0,120,0.20426782157295903,0.4902427717751016,0.015320086617971925,0.1276673884830994,0.8374980684491319
30,6064,230,2013.0,7,104,0.43834172414010264,0.29222781609340176,0.02922278160934018,0.05844556321868036,0.8474606666708651
31,14690,381,2013.0,0,116,0.0,0.0,0.7071067811865475,0.0,0.7071067811865475
32,7621,105,2000.0,4,9,0.6172133998483676,0.1543033499620919,0.0,0.0,0.7715167498104595
33,6606,109,1996.0,7,86,0.0,0.0,0.7071067811865475,0.0,0.7071067811865475
34,9593,214,2013.0,0,126,0.3200921998322399,0.4481290797651359,0.0,0.06401843996644799,0.8322397195638238
35,9217,436,1996.0,5,124,0.47304991679126607,0.2956561979945413,0.0,0.05913123959890826,0.8278373543847157
36,12100,251,1997.0,0,25,0.0,0.0,0.7071067811865476,0.0,0.7071067811865476
37,10157,75,2002.0,8,67,0.5743665268941904,0.2153874475853214,0.0,0.0,0.7897539744795119
38,5872,102,,7,90,0.380058475033046,0.17541160386140586,0.20464687117164018,0.11694106924093724,0.8770580193070293
39,9187,147,1996.0,10,7,0.47304991679126607,0.2956561979945413,0.0,0.05913123959890826,0.8278373543847157
40,4864,17,2012.0,9,87,0.18860838403857944,0.08382594846159086,0.5029556907695452,0.04191297423079543,0.8382594846159086
41,9945,527,2010.0,0,31,0.41803980857497053,0.3483665071458088,0.0,0.06967330142916175,0.8360796171499411
42,8025,275,2005.0,8,79,0.6041445928029444,0.17261274080084124,0.0,0.04315318520021031,0.7767573336037855
43,16375,79,2003.0,0,120,0.7071067811865476,0.0,0.0,0.0,0.7071067811865476
44,1799,372,2005.0,7,114,0.0,0.36577235287100063,0.0,0.4446644289804322,0.8176087887704719
45,12850,76,2009.0,5,81,0.0,0.7071067811865475,0.0,0.0,0.7071067811865475
46,5552,114,2007.0,10,40,0.6584110833204246,0.02270383045932499,0.0,0.06811149137797497,0.7492264051577248
47,10528,129,2005.0,10,40,0.6172133998483676,0.1543033499620919,0.0,0.0,0.7715167498104595
48,13912,220,2015.0,0,126,0.0,0.7071067811865476,0.0,0.0,0.7071067811865476
49,6864,458,2006.0,0,40,0.6375767130633383,0.06375767130633384,0.0,0.06375767130633384,0.7650920556760059
50,9387,392,2008.0,7,16,0.44539933408304444,0.31814238148788887,0.0,0.12725695259515554,0.827170191868511
51,2979,286,2003.0,10,40,0.6729596173321614,0.043416749505300736,0.0,0.021708374752650368,0.7380847415901125
52,7339,410,2008.0,6,126,0.4035671561356309,0.3228537249085047,0.0,0.12107014684068926,0.8474910278848248
53,4190,357,1998.0,7,67,0.6232020939625535,0.1312004408342218,0.0,0.016400055104277726,0.770802589901053
54,3396,140,2009.0,7,104,0.3366013853370741,0.16098327124816586,0.3366013853370741,0.04390452852222705,0.8634557276037987
55,7983,225,2002.0,7,116,0.4045199174779452,0.3146266024828463,0.0,0.08989331499509894,0.8539864924534399
56,15386,380,2012.0,0,100,0.0,0.0,0.7071067811865476,0.0,0.7071067811865476
57,4694,509,2000.0,3,55,0.46231739501923763,0.3216121008829479,0.0,0.06030226891555273,0.8241310085125539
58,57,165,2008.0,0,114,0.38693036594768615,0.3056424739418697,0.03576667248255923,0.13168638504942262,0.8592130185014796
59,10853,264,2011.0,3,40,0.17213259316477408,0.6024640760767093,0.0,0.08606629658238704,0.7745966692414833
60,2379,278,2013.0,10,114,0.6229671518081048,0.09789483814127363,0.0,0.0533971844406947,0.7742591743900732
61,4874,366,2015.0,1,104,0.3576768284220885,0.3997564552952753,0.0,0.06311944030978031,0.8415925374637375
62,9587,439,1999.0,10,120,0.4481290797651359,0.3200921998322399,0.0,0.06401843996644799,0.8322397195638238
63,3312,325,2010.0,3,87,0.60535653640195,0.11591933675782021,0.012879926306424467,0.05151970522569787,0.7856755046918925
64,11478,212,1998.0,8,82,0.5883484054145521,0.19611613513818404,0.0,0.0,0.7844645405527362
65,2937,268,2010.0,10,120,0.4523809523809524,0.30952380952380953,0.0,0.07142857142857142,0.8333333333333333
66,3886,342,2010.0,0,120,0.2834908720351548,0.41689834122816877,0.0,0.15008340284214075,0.8504726161054643
67,503,441,1999.0,8,101,0.5641893474811615,0.2001065665943036,0.005558515738730656,0.030571836563018605,0.8004262663772144
68,6461,87,2014.0,3,90,0.4262867932595694,0.22953904252438354,0.0,0.19674775073518586,0.8525735865191388
69,14597,253,2002.0,7,127,0.5345224838248488,0.2672612419124244,0.0,0.0,0.8017837257372731
70,9851,132,2004.0,8,67,0.0,0.0,0.7071067811865475,0.0,0.7071067811865475
71,10392,407,2002.0,8,9,0.5743665268941904,0.2153874475853214,0.0,0.0,0.7897539744795119
72,6771,104,2013.0,9,37,0.4338156187728999,0.33370432213299994,0.0,0.06674086442659999,0.8342608053324998
73,8688,279,2002.0,10,100,0.5933618117209785,0.14834045293024462,0.0,0.0,0.7911490822946381
74,11476,469,1996.0,1,100,0.0,0.0,0.7071067811865476,0.0,0.7071067811865476
75,5005,448,2007.0,9,15,0.14127726923480646,0.0,0.6256564780398571,0.020182467033543778,0.7669337472746636
76,862,414,2002.0,4,121,0.3181684933340805,0.4084595522532114,0.0,0.12038807855884127,0.8470161241461331
77,4085,91,2009.0,8,40,0.5553478324017039,0.18511594413390128,0.016828722193991025,0.0673148887759641,0.8077786653115693
78,12291,433,1993.0,3,61,0.0,0.0,0.7071067811865475,0.0,0.7071067811865475
79,1074,416,2007.0,8,70,0.4525127660330797,0.23631222226171938,0.0,0.16089342792287278,0.8446904965950821
80,8923,344,2005.0,0,120,0.5838193816777028,0.15922346773028256,0.0,0.0,0.7961173386514129
81,10726,415,2004.0,9,52,0.4195906791483445,0.33567254331867563,0.0,0.08391813582966891,0.839181358296689
82,7438,199,2012.0,3,120,0.5727026612409094,0.1527207096642425,0.0,0.07636035483212125,0.8017837257372732
83,2512,83,2010.0,3,9,0.6102160571171792,0.11441551070947109,0.0,0.057207755354735546,0.7818393231813857
84,1483,339,2010.0,7,89,0.32934770558222465,0.10978256852740823,0.3745522926229221,0.03874678889202643,0.8588871537732525
85,3251,473,2003.0,10,40,0.5956529538035377,0.1647550723286381,0.0,0.025346934204405862,0.7857549603365817
86,4664,232,2004.0,7,40,0.5851139972175814,0.16987180564381396,0.0,0.018874645071534885,0.7927350930044651
87,16416,457,2006.0,0,40,0.0,0.0,0.7071067811865476,0.0,0.7071067811865476
88,14062,330,2010.0,9,120,0.6,0.0,0.0,0.0,0.7999999999999999
89,12627,424,2012.0,0,3,0.0,0.0,0.7071067811865475,0.0,0.7071067811865475
90,10182,484,2008.0,3,120,0.6301260378126045,0.0700140042014005,0.0,0.0700140042014005,0.7701540462154054
91,377,69,2006.0,3,89,0.14479933759009445,0.44912336913537776,0.17915850244198128,0.08589791212971705,0.8589791212971705
92,933,332,2009.0,0,37,0.5758662267655305,0.15900783873376587,0.0,0.06446263732449967,0.799336702823796
93,5888,356,1999.0,8,9,0.6172133998483676,0.1543033499620919,0.0,0.0,0.7715167498104596
94,15365,126,2002.0,6,35,0.408248290463863,0.408248290463863,0.0,0.0,0.816496580927726
95,1073,54,2012.0,0,9,0.40711545631274765,0.26462504660328595,0.035622602427365424,0.15266829611728036,0.8600314014606794
96,3313,190,2009.0,4,101,0.2545839008902929,0.38187585133543944,0.0,0.21215325074191077,0.8627565530171039
97,4090,237,2005.0,0,9,0.5754742276114885,0.2137475702556957,0.0,0.01644212078889967,0.7892217978671842
98,10109,188,2011.0,0,101,0.0,0.5642764926868786,0.0,0.2821382463434393,0.7758801774444581
99,8222,271,2011.0,6,25,0.1949480715314317,0.4873701788285793,0.0,0.1949480715314317,0.8285293040085848
100,16492,257,2006.0,6,28,0.7071067811865476,0.0,0.0,0.0,0.7071067811865476
101,5203,34,1997.0,10,106,0.4593152121746254,0.3215206485222378,0.0,0.04593152121746254,0.8267673819143256
102,15726,100,2001.0,2,87,0.408248290463863,0.408248290463863,0.0,0.0,0.816496580927726
103,8405,352,2005.0,6,101,0.6324555320336759,0.04517539514526256,0.0,0.09035079029052512,0.7679817174694635
104,13711,252,2011.0,11,122,0.0,0.5883484054145521,0.0,0.19611613513818404,0.7844645405527362
105,15030,206,1997.0,2,67,0.408248290463863,0.408248290463863,0.0,0.0,0.816496580927726
106,8076,111,2014.0,7,16,0.3432032364918221,0.14708710135363803,0.24514516892273006,0.14708710135363803,0.8825226081218281
107,5348,65,2005.0,1,52,0.41243188390102903,0.3153890876890222,0.0,0.09704279621200683,0.8491244668550597
108,8673,12,2013.0,11,9,0.5541719940458661,0.20151708874395133,0.0,0.05037927218598783,0.8060683549758053
109,12389,426,2005.0,10,29,0.6350006350009525,0.1270001270001905,0.0,0.0,0.762000762001143
110,631,139,1997.0,7,105,0.3156443867288023,0.04072830796500674,0.4547994389425753,0.02036415398250337,0.8315362876188878
111,738,507,2000.0,4,89,0.4353543784790284,0.2000276874092833,0.13335179160618887,0.09020856491006894,0.8628645339223987
112,14,510,2007.0,10,89,0.3432916979942643,0.308348135894177,0.13823826764869704,0.08255896540130517,0.8724370669384435
113,7819,411,2010.0,0,9,0.6657713824897638,0.03916302249939786,0.0,0.03916302249939786,0.7440974274885594
114,12328,228,2015.0,0,91,0.282842712474619,0.4242640687119285,0.0,0.1414213562373095,0.848528137423857
115,15093,29,2006.0,5,45,0.0,0.7071067811865476,0.0,0.0,0.7071067811865476
116,5594,394,2011.0,7,51,0.44506277906968167,0.026180163474687154,0.31416196169624583,0.026180163474687154,0.8377652311899889
117,8450,389,2015.0,0,74,0.3474041668898256,0.0,0.39703333358837206,0.09925833339709302,0.8436958338752907
118,13023,258,2007.0,9,78,0.0,0.6172133998483676,0.0,0.1543033499620919,0.7715167498104595
119,12496,307,1999.0,1,87,0.0,0.0,0.7071067811865475,0.0,0.7071067811865475
120,15638,205,2008.0,0,74,0.0,0.0,0.7071067811865476,0.0,0.7071067811865476
121,2013,514,2005.0,6,101,0.38811177963921073,0.2807617129304929,0.0,0.18166934366090715,0.858800533669743
122,686,164,1997.0,0,114,0.28195949923018176,0.48182952400094353,0.014276430340768698,0.04996750619269044,0.8280329597645844
123,3238,314,1993.0,11,116,0.3950104898622925,0.0,0.42134452251977866,0.0,0.8163550123820711
124,4687,534,2010.0,10,67,0.08369739506373745,0.43941132408462164,0.10462174382967182,0.230167836425278,0.8578982994033089
125,339,149,2009.0,3,89,0.0,0.0,0.7071067811865476,0.0,0.7071067811865476
126,152,362,1998.0,0,124,0.2839030637170352,0.22198803386385202,0.3050447812278783,0.06795552057056695,0.8788913993793326
127,455,464,2013.0,0,89,0.39401462504896345,0.27862462771319557,0.1294619482303737,0.06191658393626569,0.8640177849287983
128,8950,16,2006.0,10,40,0.582998834003498,0.158999682000954,0.0,0.052999894000318,0.7949984100047699
129,4377,302,2012.0,2,87,0.4816466835729722,0.2593482142316004,0.018524872445114315,0.07409948978045726,0.8336192600301442
130,3655,442,2007.0,0,120,0.6476754425801418,0.055121314262139724,0.0,0.055121314262139724,0.7579180711044212
131,4381,262,1995.0,0,87,0.0,0.0,0.6815093369157297,0.04867923835112355,0.7301885752668532
132,7653,37,2016.0,8,114,0.21204723241999274,0.46650391132398394,0.042409446483998546,0.12722833945199563,0.848188929679971
133,2230,402,2008.0,6,100,0.45125692162917275,0.2888044298426706,0.01805027686516691,0.09025138432583456,0.8393378742302614
134,14901,460,1994.0,0,20,0.0,0.0,0.7071067811865475,0.0,0.7071067811865475
135,13498,316,2013.0,9,116,0.0,0.0,0.7071067811865476,0.0,0.7071067811865476
136,1026,97,2014.0,8,9,0.3364880437649178,0.33146583415648617,0.0602665153011793,0.13559965942765345,0.8688422622586683
137,10202,304,2003.0,9,116,0.39163022499397865,0.3133041799951829,0.0,0.07832604499879572,0.861586494986753
138,12866,226,2010.0,3,38,0.7071067811865475,0.0,0.0,0.0,0.7071067811865475
139,1955,290,1998.0,10,79,0.6931081785858589,0.02718071288571996,0.0,0.00679517822142999,0.7202888914715789
140,4503,374,2001.0,10,40,0.5883705050823378,0.16547920455440748,0.0,0.03677315656764611,0.7906228662043914
141,672,209,1995.0,4,89,0.24010786852026425,0.048717538540343476,0.5150139788550596,0.017399120907265527,0.8212385068229328
142,2446,322,2016.0,8,9,0.5046403619365584,0.24261555862334536,0.0,0.07763697875947051,0.8248928993193742
143,6495,233,2012.0,3,120,0.36206941027214823,0.3291540093383166,0.032915400933831655,0.1645770046691583,0.8558004242796231
144,13127,92,1999.0,0,5,0.4866642633922876,0.3244428422615251,0.0,0.0,0.8111071056538127
145,11585,430,2002.0,9,77,0.4216370213557839,0.3162277660168379,0.0,0.10540925533894598,0.8432740427115678
146,1686,501,2013.0,10,114,0.35176323534072423,0.35176323534072423,0.0,0.15075567228888181,0.8542821429703302
147,83,127,2012.0,0,40,0.10676033218723255,0.5086223373070985,0.013093248287113427,0.2024417619776768,0.8299105068139587
148,16314,406,2015.0,11,47,0.0,0.7071067811865476,0.0,0.0,0.7071067811865476
149,6321,218,,0,126,0.31846487764924103,0.3503113654141651,0.0,0.1910789265895446,0.8598551696529507
150,3072,368,2013.0,3,120,0.44428551962171414,0.304652927740604,0.0,0.08885710392434283,0.8377955512866609
151,3004,0,2002.0,7,15,0.29910515394566695,0.23408229439226108,0.26009143821362346,0.07802743146408703,0.8843108899263198
152,7894,461,2016.0,0,101,0.0,0.6394886135819452,0.0,0.11990411504661472,0.7593927286285599
153,7231,7,2008.0,11,111,0.6063699187554585,0.10700645625096325,0.0,0.07133763750064218,0.7847140125070639
154,14234,122,2002.0,1,25,0.5345224838248488,0.2672612419124244,0.0,0.0,0.8017837257372731
155,11281,241,2005.0,2,40,0.7043607250604991,0.0,0.0,0.08804509063256238,0.7043607250604991
156,15439,326,2013.0,8,91,0.0,0.4472135954999579,0.0,0.0,0.8944271909999159
157,3083,310,2008.0,11,89,0.3817772904195184,0.18430627813356065,0.25012994889554657,0.05265893660958875,0.8688724540582144
158,6326,321,2006.0,4,9,0.5629784083986619,0.20741309783108594,0.0,0.0,0.8000219487770458
159,4196,74,1987.0,0,9,0.6830947681545128,0.03104976218884149,0.0,0.0,0.7296694114377749
160,9326,229,2002.0,2,7,0.5725983343138682,0.17177950029416045,0.0,0.0,0.8016376680394156
161,9992,126,2002.0,6,40,0.36273812505500586,0.29019050004400465,0.14509525002200233,0.07254762501100116,0.8705715001320139
162,10096,163,2005.0,8,40,0.6711560552140243,0.0,0.0,0.06711560552140243,0.7382716607354267
163,6908,108,2004.0,1,49,0.5663521139548541,0.19988898139583083,0.0,0.0,0.7995559255833233
164,11522,236,2016.0,6,80,0.2062842492517587,0.5157106231293968,0.0,0.10314212462587935,0.8251369970070348
165,4263,239,2016.0,0,89,0.07345944493793986,0.29383777975175945,0.44075666962763915,0.018364861234484966,0.8447836167863084
166,16185,345,2013.0,3,60,0.0,0.0,0.7071067811865476,0.0,0.7071067811865476
167,14963,217,2010.0,0,126,0.408248290463863,0.408248290463863,0.0,0.0,0.816496580927726
168,8165,72,2007.0,10,114,0.6637918509160179,0.0,0.0,0.04148699068225112,0.7467658322805201
169,15356,95,2011.0,9,133,0.0,0.7071067811865476,0.0,0.0,0.7071067811865476
170,12013,160,2005.0,1,15,0.6469966392206304,0.0,0.0,0.10783277320343841,0.754829412424069
171,7063,353,2011.0,0,111,0.6533715203848012,0.06533715203848012,0.0,0.06533715203848012,0.7513772484425213
172,10332,207,2006.0,9,67,0.0,0.0,0.7071067811865475,0.0,0.7071067811865475
173,6086,110,2006.0,7,104,0.0,0.0,0.7071067811865475,0.0,0.7071067811865475
174,15860,201,2014.0,1,3,0.0,0.0,0.7071067811865476,0.0,0.7071067811865476
175,14297,81,2008.0,2,87,0.0,0.0,0.7071067811865475,0.0,0.7071067811865475
176,2912,288,2007.0,10,40,0.6795208855361117,0.0,0.0,0.05227083734893167,0.7317917228850432
177,7669,161,2003.0,11,9,0.41775599314435685,0.33420479451548546,0.0,0.12532679794330703,0.8355119862887137
178,1127,333,2001.0,11,89,0.40866271604068044,0.13098163975662835,0.2933988730548475,0.020957062361060538,0.8540002912132167
179,10013,204,2008.0,3,67,0.7056503290095426,0.0,0.0,0.06415002990995843,0.7056503290095426
180,16368,440,2010.0,1,123,0.7071067811865476,0.0,0.0,0.0,0.7071067811865476
181,5082,355,2005.0,8,9,0.6417995616961756,0.060168708909016454,0.0,0.060168708909016454,0.7621369795142084
182,493,435,2002.0,4,89,0.502558276754651,0.1292292711654817,0.17804921805021923,0.02584585423309634,0.8356826202034483
183,6820,411,2010.0,0,9,0.4512365874254052,0.3123945605252805,0.0,0.06942101345006234,0.833052161400748
184,5334,135,2015.0,9,66,0.23904572186687872,0.47809144373375745,0.0,0.11952286093343936,0.8366600265340755
185,5641,150,2003.0,4,67,0.4216370213557839,0.3162277660168379,0.0,0.10540925533894598,0.8432740427115678
186,13087,13,2009.0,9,96,0.0,0.6172133998483676,0.0,0.1543033499620919,0.7715167498104595
187,14294,249,2015.0,7,98,0.0,0.0,0.7071067811865475,0.0,0.7071067811865475
188,9237,324,2006.0,3,101,0.5763904177042349,0.0,0.115278083540847,0.0576390417704235,0.806946584785929
189,2366,50,2007.0,3,101,0.3009774122576535,0.05643326479831003,0.0,0.4702772066525836,0.8276878837085472
190,12502,282,1996.0,10,79,0.4285714285714286,0.28571428571428575,0.0,0.0,0.8571428571428572
191,421,1,1999.0,8,40,0.44326069361623655,0.34275390843581083,0.0,0.041233552894533634,0.827248154946581
192,16099,261,2012.0,0,60,0.0,0.0,0.7071067811865476,0.0,0.7071067811865476
193,16265,174,2010.0,1,60,0.0,0.0,0.7071067811865476,0.0,0.7071067811865476
194,9458,300,2010.0,0,87,0.27091418459143857,0.13545709229571928,0.3386427307392982,0.13545709229571928,0.8804710999221753
195,10786,14,2006.0,7,2,0.0,0.0,0.7071067811865475,0.0,0.7071067811865475
196,13475,23,2015.0,7,116,0.0,0.0,0.7071067811865476,0.0,0.7071067811865476
197,2776,221,2013.0,0,126,0.35323191572856993,0.3988102274354821,0.022789155853456124,0.06836746756036836,0.8431987665778765
198,12734,465,2006.0,11,40,0.0,0.6350006350009525,0.0,0.1270001270001905,0.762000762001143
199,16208,53,2013.0,8,83,0.0,0.0,0.7071067811865476,0.0,0.7071067811865476
200,7727,35,2005.0,6,129,0.4233337566673016,0.29633362966711113,0.0,0.12700012700019048,0.8466675133346032
201,7738,189,2008.0,9,36,0.6872431934890912,0.0,0.0,0.038180177416060626,0.725423370905152
202,9240,350,2006.0,10,87,0.0,0.0,0.7071067811865476,0.0,0.7071067811865476
203,396,255,2015.0,0,67,0.2801219506812608,0.350152438351576,0.12449864474722701,0.12190492298165978,0.8766779567617236
204,1,511,2006.0,10,89,0.4257843710963281,0.2978130260114592,0.038689011304727815,0.08681937284827515,0.8491057812607902
205,2508,482,2005.0,10,9,0.4718010756630851,0.21538744758532144,0.0,0.15384817684665816,0.8410367000950647
206,6298,28,1984.0,6,9,0.6933949711814644,0.026669037353133248,0.0,0.0,0.7200640085345977
207,8781,180,2007.0,11,104,0.4500351603704095,0.05625439504630119,0.281271975231506,0.05625439504630119,0.8438159256945178
208,15437,184,2010.0,1,102,0.0,0.7071067811865476,0.0,0.0,0.7071067811865476
209,5315,455,2004.0,4,111,0.41243188390102903,0.3153890876890222,0.0,0.09704279621200683,0.8491244668550597
210,12927,532,2016.0,0,120,0.0,0.6099942813304186,0.15249857033260464,0.15249857033260464,0.7624928516630233
211,11615,41,2010.0,2,101,0.0,0.0,0.7071067811865476,0.0,0.7071067811865476
212,15788,71,2004.0,6,28,0.0,0.4472135954999579,0.0,0.0,0.8944271909999159
213,241,238,2006.0,10,40,0.6246858551632144,0.04130154414302244,0.0017208976726259349,0.10497475803018202,0.7726830550090448
214,815,305,2007.0,6,40,0.42409432379718803,0.32622640292091387,0.004077830036511423,0.08971226080325131,0.8400329875213532
215,4629,167,2010.0,3,72,0.3854343923184502,0.3245763303734318,0.0,0.14200214453837642,0.8520128672302584
216,2954,235,2006.0,6,111,0.6790857066546621,0.0,0.0,0.05305357083239547,0.7321392774870574
217,15759,489,2013.0,10,31,0.0,0.7071067811865476,0.0,0.0,0.7071067811865476
218,12163,453,2015.0,1,91,0.0,0.6469966392206304,0.0,0.10783277320343841,0.754829412424069
219,9993,179,2011.0,3,40,0.6744532734334624,0.0,0.0,0.06131393394849658,0.7357672073819589
220,4611,418,2004.0,0,120,0.5683694136567113,0.20840211834079414,0.0,0.01894564712189038,0.7957171791193958
221,13855,211,2002.0,7,87,0.0,0.0,0.7071067811865476,0.0,0.7071067811865476
222,14975,443,2015.0,0,87,0.0,0.0,0.7071067811865476,0.0,0.7071067811865476
223,3063,142,2003.0,0,111,0.577016444201214,0.192338814733738,0.0,0.02404235184171725,0.7933976107766693
224,15616,485,2016.0,0,116,0.0,0.0,0.7071067811865476,0.0,0.7071067811865476
225,15767,404,2008.0,0,104,0.0,0.0,0.7071067811865476,0.0,0.7071067811865476
226,7142,94,2004.0,2,40,0.6014167670256414,0.17688728441930626,0.0,0.03537745688386126,0.7783040514449475
227,14066,391,2010.0,1,131,0.0,0.0,0.7071067811865476,0.0,0.7071067811865476
228,684,198,2010.0,3,120,0.5483681025938855,0.1955962658933604,0.0,0.06636301878524728,0.810327387272493
229,15176,175,2007.0,1,74,0.0,0.0,0.7071067811865476,0.0,0.7071067811865476
230,13578,203,2008.0,1,60,0.0,0.0,0.7071067811865476,0.0,0.7071067811865476
231,14654,313,2011.0,1,60,0.0,0.0,0.7071067811865475,0.0,0.7071067811865475
232,11363,365,2015.0,6,80,0.0,0.5940885257860046,0.09901475429766743,0.09901475429766743,0.7921180343813394
233,14221,145,1994.0,7,30,0.0,0.0,0.7071067811865475,0.0,0.7071067811865475
234,10810,303,2014.0,7,90,0.43193421279068006,0.172773685116272,0.172773685116272,0.086386842558136,0.8638684255813601
235,6684,267,2007.0,2,79,0.640792107582221,0.06102781976973534,0.0,0.06102781976973534,0.7628477471216918
236,411,97,2014.0,8,9,0.5292909771903044,0.2286139431995681,0.0,0.057153485799892025,0.8150584061897644
237,7520,274,2009.0,10,22,0.5640760748177662,0.16116459280507603,0.0,0.08058229640253801,0.8058229640253802
238,12913,291,2003.0,10,79,0.6172133998483676,0.1543033499620919,0.0,0.0,0.7715167498104595
239,11004,85,2009.0,8,28,0.6092717958449425,0.08703882797784891,0.0,0.08703882797784891,0.7833494518006402
240,12687,260,2009.0,10,101,0.0,0.0,0.7071067811865475,0.0,0.7071067811865475
241,7957,328,2009.0,0,67,0.0,0.0,0.7071067811865476,0.0,0.7071067811865476
242,11981,504,2003.0,4,18,0.5773502691896257,0.11547005383792514,0.0,0.0,0.808290376865476
243,7267,89,2011.0,0,34,0.4581621289927275,0.2672612419124244,0.0,0.11454053224818188,0.8399639031533338
244,8085,30,2010.0,4,31,0.4642383454426297,0.2785430072655778,0.0,0.09284766908852594,0.8356290217967334
245,10537,244,2009.0,3,73,0.667124384994991,0.0,0.0,0.07412493166611012,0.7412493166611013
246,7406,463,2002.0,4,110,0.4706787243316417,0.3137858162210945,0.0,0.039223227027636816,0.823687767580373
247,7400,245,2003.0,4,25,0.4035671561356309,0.3228537249085047,0.0,0.12107014684068926,0.8474910278848248
248,6062,112,2002.0,11,116,0.17601439465465726,0.1466786622122144,0.46937171907908604,0.058671464884885755,0.8507362408308433
249,1139,208,2003.0,6,89,0.5140298577328638,0.055983449852094073,0.22902320394038486,0.02035761812803421,0.8244835341853856
250,1525,101,1999.0,7,87,0.37476853001926175,0.2543072167987847,0.18738426500963087,0.0535383614313231,0.8699983732590004
251,16227,309,2016.0,7,44,0.0,0.0,0.7071067811865476,0.0,0.7071067811865476
252,11835,49,2010.0,0,67,0.0,0.0,0.7071067811865476,0.0,0.7071067811865476
253,16547,187,2007.0,10,120,0.0,0.0,0.7071067811865476,0.0,0.7071067811865476
254,14050,93,1999.0,7,116,0.4364357804719847,0.21821789023599236,0.0,0.0,0.8728715609439694
255,14559,43,1996.0,7,86,0.0,0.0,0.7071067811865475,0.0,0.7071067811865475
256,23,434,1988.0,4,89,0.4675118216954191,0.16857868622979474,0.18818085904721274,0.022542498740030694,0.8468138657124574
257,14369,231,2003.0,9,120,0.0,0.6882472016116853,0.0,0.22941573387056177,0.6882472016116853
258,13992,468,2013.0,1,33,0.0,0.6,0.0,0.0,0.7999999999999999
259,5466,243,2009.0,7,9,0.6129961774004012,0.11788388026930792,0.0,0.07073032816158475,0.7780336097774323
260,14095,60,1994.0,4,67,0.0,0.0,0.7071067811865476,0.0,0.7071067811865476
261,4121,177,2005.0,9,97,0.6455292264117175,0.11021230694834203,0.0,0.0,0.7557415333600594
262,4182,506,2009.0,11,111,0.0,0.6912450551620488,0.0,0.030722002451646618,0.7219670576136954
263,6374,284,2003.0,10,40,0.6072306785645523,0.14457873299156007,0.0,0.028915746598312014,0.7807251581544243
264,14347,24,2015.0,7,116,0.0,0.0,0.7071067811865475,0.0,0.7071067811865475
265,9662,351,2012.0,7,87,0.0,0.0,0.7071067811865475,0.0,0.7071067811865475
266,11056,488,1996.0,0,93,0.4642383454426297,0.2785430072655778,0.0,0.09284766908852594,0.8356290217967334
267,2456,162,2010.0,7,89,0.5463219638709956,0.10731324290323128,0.1268247416129097,0.04877874677419604,0.8194829458064934
268,13799,21,2009.0,0,31,0.7071067811865476,0.0,0.0,0.0,0.7071067811865476
269,11178,195,2000.0,10,67,0.0,0.0,0.6620847108818944,0.0827605888602368,0.7448452997421311
270,36,55,2012.0,8,9,0.4962997940237134,0.2586774684002385,0.00421102855535272,0.06737645688564352,0.8259631723570406
271,15766,106,2014.0,7,45,0.0,0.7071067811865476,0.0,0.0,0.7071067811865476
272,1352,103,1988.0,4,25,0.4820527941241701,0.13520993005921847,0.20575424139446286,0.017636077833811103,0.8406530434116626
273,4668,522,1997.0,2,25,0.3340590762637293,0.2296656149313139,0.25054430719779697,0.06263607679944924,0.8769050751922894
274,526,421,2008.0,0,70,0.511428583011802,0.23513957839623084,0.0,0.07642036297877502,0.8229885243868078
275,12275,299,2005.0,0,67,0.4242640687119285,0.282842712474619,0.0,0.1414213562373095,0.848528137423857
276,7997,124,2011.0,9,101,0.27188595265766624,0.40782892898649936,0.0,0.13594297632883312,0.8609721834159432
277,5691,513,2007.0,6,101,0.35083917709750295,0.32385154809000266,0.0,0.16192577404500133,0.8636041282400072
278,14973,427,2010.0,0,64,0.0,0.0,0.7071067811865476,0.0,0.7071067811865476
279,4290,42,1999.0,2,124,0.4534972508172991,0.3083781305557634,0.0,0.05441967009807589,0.8344349415038304
280,2144,371,1992.0,7,105,0.0,0.0,0.7071067811865476,0.0,0.7071067811865476
281,8176,38,2011.0,0,25,0.0,0.0,0.7071067811865476,0.0,0.7071067811865476
282,13443,216,2013.0,0,126,0.0,0.6246950475544243,0.0,0.0,0.7808688094430304
283,680,361,2001.0,0,25,0.39995336892365807,0.2592290354134821,0.12591124577226273,0.07776871062404461,0.8665656326679257
284,6761,520,2005.0,7,9,0.5972598827888349,0.1571736533654829,0.0,0.03143473067309657,0.7858682668274144
285,13539,413,2010.0,6,37,0.0,0.6963106238227913,0.0,0.17407765595569782,0.6963106238227913
286,2633,385,2002.0,4,125,0.5697108760606566,0.2136415785227462,0.0,0.010173408501083154,0.793525863084486
287,15546,341,2012.0,0,59,0.0,0.0,0.7071067811865476,0.0,0.7071067811865476
288,842,90,2008.0,0,40,0.43895799386922896,0.28009700561179374,0.0,0.12541656967692255,0.8444715691579452
289,2172,301,2013.0,2,87,0.2948463578453995,0.3040603065280682,0.13820923024003098,0.13820923024003098,0.8845390735361983
290,946,2,2005.0,3,111,0.5687058201196109,0.21272202431954912,0.0,0.013023797407319333,0.7944516418464794
291,8390,497,1996.0,10,53,0.44611343738694875,0.2974089582579658,0.0,0.04956815970966097,0.8426587150642366
292,9669,66,,9,122,0.7058823529411765,0.0,0.0,0.05882352941176471,0.7058823529411765
293,1713,481,2001.0,10,9,0.5715908566826875,0.2084625477313331,0.0,0.013449196627827942,0.7935026010418486
294,14038,52,1998.0,11,125,0.0,0.5883484054145521,0.0,0.19611613513818404,0.7844645405527362
295,7934,315,2013.0,11,116,0.0,0.0,0.7071067811865476,0.0,0.7071067811865476
296,14572,519,2009.0,9,111,0.0,0.5345224838248488,0.0,0.2672612419124244,0.8017837257372731
297,2005,219,2009.0,0,9,0.4927779109175991,0.26228501710130275,0.0,0.07153227739126439,0.8265952054101663
298,3754,447,2008.0,7,87,0.34741654302017594,0.07895830523185818,0.3789998651129192,0.0473749831391149,0.8527496965040683
299,13484,39,2007.0,8,39,0.7071067811865476,0.0,0.0,0.0,0.7071067811865476
300,4045,486,2009.0,8,9,0.4114755998989117,0.34289633324909313,0.0,0.08572408331227328,0.8400960164602781
301,7095,46,2008.0,0,111,0.4043680421515942,0.33084657994221345,0.0,0.11028219331407114,0.8454968154078789
302,8822,181,2010.0,5,14,0.5007733956671915,0.2225659536298629,0.0,0.055641488407465724,0.8346223261119858
303,396,255,2015.0,0,67,0.2801219506812608,0.350152438351576,0.12449864474722701,0.12190492298165978,0.8766779567617236
304,2973,390,2004.0,0,9,0.5715476066494082,0.20995626366712952,0.0,0.011664236870396085,0.7931681071869339
305,10968,334,2011.0,1,50,0.7049344049891616,0.0,0.0,0.07832604499879574,0.7049344049891616
306,10859,148,2009.0,0,87,0.0,0.0,0.7071067811865476,0.0,0.7071067811865476
307,410,20,2015.0,0,120,0.20426782157295903,0.4902427717751016,0.015320086617971925,0.1276673884830994,0.8374980684491319
308,13906,378,2009.0,0,111,0.0,0.5883484054145521,0.0,0.19611613513818404,0.7844645405527362
309,16561,347,2007.0,10,67,0.0,0.7071067811865476,0.0,0.0,0.7071067811865476
310,11766,529,2015.0,7,116,0.0,0.0,0.7071067811865476,0.0,0.7071067811865476
311,9436,505,2007.0,3,25,0.0,0.0,0.7071067811865475,0.0,0.7071067811865475
312,15407,428,2010.0,0,99,0.0,0.0,0.7071067811865476,0.0,0.7071067811865476
313,8927,470,2014.0,1,117,0.546358364708153,0.0,0.0546358364708153,0.1639075094124459,0.8195375470622295
314,16479,107,2011.0,8,26,0.0,0.0,0.7071067811865476,0.0,0.7071067811865476
315,13981,171,2005.0,0,87,0.5883484054145521,0.19611613513818404,0.0,0.0,0.7844645405527362
316,9681,5,2011.0,10,101,0.0,0.6286946134619316,0.0,0.18860838403857944,0.7544335361543177
317,1612,32,2007.0,0,31,0.3764298827452084,0.3764298827452084,0.0,0.0889743359215947,0.8418341014120113
318,3942,367,1988.0,8,9,0.6769776622509208,0.0432113401436758,0.0,0.014403780047891935,0.7345927824424886
319,5156,259,1997.0,11,6,0.0,0.0,0.7071067811865475,0.0,0.7071067811865475
320,7641,382,2010.0,3,87,0.0,0.6434594894887948,0.0,0.11355167461566966,0.7570111641044645
321,6125,294,2010.0,10,114,0.6488856845230502,0.05407380704358752,0.0,0.05407380704358752,0.7570332986102253
322,13068,472,1998.0,8,115,0.4866642633922876,0.3244428422615251,0.0,0.0,0.8111071056538127
323,1004,419,2001.0,9,9,0.294353005893305,0.419814942831435,0.00965091822601,0.12546193693813001,0.84928080388888
324,10434,492,2003.0,2,25,0.6172133998483676,0.1543033499620919,0.0,0.0,0.7715167498104595
325,6817,200,1997.0,2,128,0.13631963531819938,0.10223972648864954,0.5452785412727975,0.06815981765909969,0.8179178119091963
326,4009,337,1996.0,7,101,0.0,0.0,0.6763974523263032,0.04411287732562846,0.7352146220938078
327,15005,57,2006.0,1,64,0.0,0.0,0.7071067811865476,0.0,0.7071067811865476
328,7569,306,2009.0,3,111,0.6453111753009548,0.07591896180011232,0.0,0.03795948090005616,0.7591896180011233
329,5565,204,2008.0,3,67,0.6719974195348635,0.0,0.0,0.0447998279689909,0.7391971614883498
330,1144,27,1989.0,10,89,0.35158147650260285,0.1438287858419739,0.34625448443438156,0.015980976204663763,0.8576457229836221
331,10757,500,1996.0,2,13,0.0,0.0,0.667124384994991,0.07412493166611012,0.7412493166611013
332,14688,176,2015.0,0,116,0.0,0.0,0.7071067811865475,0.0,0.7071067811865475
333,12505,82,2008.0,1,64,0.0,0.0,0.7071067811865475,0.0,0.7071067811865475
334,14101,130,2011.0,11,116,0.0,0.0,0.7071067811865475,0.0,0.7071067811865475
335,7663,349,2013.0,10,67,0.0,0.0,0.7071067811865475,0.0,0.7071067811865475
336,15959,169,2006.0,7,85,0.0,0.4472135954999579,0.0,0.0,0.8944271909999159
337,5469,336,2007.0,5,89,0.35640605415376925,0.0254575752966978,0.4073212047471648,0.0254575752966978,0.8400999847910274
338,461,121,2010.0,4,37,0.5513937591810246,0.17130679896886203,0.03212002480666162,0.05888671214554632,0.8137072951020946
339,6340,412,2008.0,0,9,0.5887448094094637,0.11774896188189275,0.0,0.08831172141141956,0.7948054927027761
340,2649,364,2012.0,0,25,0.5679164148624144,0.15488629496247663,0.03097725899249533,0.06195451798499066,0.8054087338048787
341,13413,19,2015.0,0,116,0.0,0.0,0.7071067811865475,0.0,0.7071067811865475
342,14181,409,2005.0,8,56,0.6882472016116853,0.22941573387056177,0.0,0.0,0.6882472016116853
343,14400,193,2010.0,7,60,0.7071067811865475,0.0,0.0,0.0,0.7071067811865475
344,9524,312,,5,122,0.0,0.0,0.7071067811865475,0.0,0.7071067811865475
345,13990,227,2012.0,7,90,0.0,0.0,0.7071067811865476,0.0,0.7071067811865476
346,1076,292,1997.0,10,101,0.6847594959127437,0.026003525161243424,0.0,0.01733568344082895,0.728098704514816
347,8371,104,2013.0,9,37,0.39703333358837206,0.3474041668898256,0.0,0.09925833339709302,0.8436958338752907
348,13900,113,2006.0,0,116,0.0,0.0,0.7071067811865476,0.0,0.7071067811865476
349,15622,396,2007.0,1,64,0.0,0.0,0.7071067811865476,0.0,0.7071067811865476
350,2292,401,2004.0,3,100,0.5414153792495912,0.23076721082769458,0.0,0.03550264781964532,0.807685237896931
351,5031,280,2006.0,10,114,0.6154574548966637,0.08206099398622183,0.0,0.08206099398622183,0.7795794428691073
352,14166,376,2003.0,6,7,0.6882472016116853,0.22941573387056177,0.0,0.0,0.6882472016116853
353,2685,10,2002.0,10,7,0.416752857735949,0.31804823353532946,0.0,0.109671804667355,0.8444728959386335
354,12073,106,2015.0,7,45,0.4780914437337574,0.2390457218668787,0.0,0.11952286093343935,0.8366600265340755
355,13870,317,2016.0,3,116,0.0,0.0,0.7071067811865476,0.0,0.7071067811865476
356,2882,383,2004.0,0,111,0.5700548383626173,0.21237337115470056,0.0,0.011177545850247397,0.7936057553675652
357,567,170,2008.0,3,9,0.5424057044534752,0.1950222757585529,0.0,0.07618057646818473,0.8136085566802128
358,7656,166,2000.0,7,120,0.0,0.0,0.7071067811865475,0.0,0.7071067811865475
359,9223,474,1999.0,1,12,0.0,0.0,0.6795208855361117,0.05227083734893167,0.7317917228850433
360,13118,63,1998.0,4,62,0.6172133998483676,0.1543033499620919,0.0,0.0,0.7715167498104595
361,5955,471,2014.0,0,104,0.3922322702763681,0.3642156795423418,0.0,0.08404977220207886,0.8404977220207887
362,14783,308,2004.0,7,15,0.0,0.5547001962252291,0.0,0.0,0.8320502943378437
363,4829,483,1997.0,6,65,0.61894277673137,0.1353937324099872,0.0,0.0,0.7736784709142126
364,3191,197,2007.0,6,111,0.2924766564298429,0.4520093781188481,0.0,0.09306075431858638,0.8375467888672773
365,10457,151,2005.0,4,67,0.4195906791483445,0.33567254331867563,0.0,0.08391813582966891,0.839181358296689
366,9161,22,2010.0,3,15,0.6795208855361117,0.0,0.0,0.05227083734893167,0.7317917228850433
367,12333,62,2002.0,6,40,0.6350006350009525,0.1270001270001905,0.0,0.0,0.762000762001143
368,14592,156,2015.0,1,117,0.7071067811865475,0.0,0.0,0.0,0.7071067811865475
369,218,422,2010.0,11,9,0.4452813682708658,0.29221589792775565,0.0,0.1026234403436761,0.8401207065422975
370,11216,348,2012.0,10,67,0.0,0.6115928396627266,0.0,0.0873704056661038,0.7863336509949341
371,15662,526,2006.0,3,130,0.0,0.0,0.7071067811865476,0.0,0.7071067811865476
372,15817,213,2006.0,5,92,0.7071067811865476,0.0,0.0,0.0,0.7071067811865476
373,2686,494,2002.0,7,15,0.10404255794852811,0.08323404635882249,0.5826383245117575,0.031212767384558433,0.8011276962036664
374,1212,144,2015.0,7,89,0.39662328823005616,0.12289735691635544,0.2904846618022947,0.05586243496197975,0.8602814984144881
375,13302,172,2010.0,10,107,0.6246950475544243,0.0,0.0,0.0,0.7808688094430304
376,12455,64,2011.0,10,116,0.0,0.6350006350009525,0.0,0.1270001270001905,0.762000762001143
377,941,533,2011.0,0,101,0.4780437501378406,0.22308708339765895,0.0364223809628831,0.1047143452682889,0.8422675597666716
378,734,98,2006.0,0,25,0.40766215628098135,0.3153612907079289,0.019229346994385912,0.10768434316856111,0.8499371371518573
379,7271,373,2003.0,10,40,0.4224524549534127,0.30723814905702745,0.0,0.11521430589638529,0.8449049099068254
380,11887,134,2014.0,3,37,0.5735393346764044,0.11470786693528087,0.0,0.11470786693528087,0.8029550685469662
381,6421,437,2006.0,0,40,0.6464143414172442,0.056209942731934276,0.0,0.056209942731934276,0.7588342268811127
382,12832,296,2015.0,0,40,0.7001400420140048,0.0,0.0,0.14002800840280097,0.7001400420140048
383,2180,31,2008.0,0,66,0.5530162742976689,0.18717473899305717,0.0,0.07657148413352338,0.8082545547427468
384,12951,329,2012.0,7,16,0.0,0.0,0.7071067811865475,0.0,0.7071067811865475
385,1190,491,1995.0,0,101,0.6429774616068513,0.09254978614038012,0.0,0.0243552068790474,0.7598824546262789
386,16250,493,2006.0,2,20,0.0,0.0,0.7071067811865476,0.0,0.7071067811865476
387,5394,397,2012.0,0,67,0.38273277230987157,0.2806706996939058,0.07654655446197431,0.1275775907699572,0.8675276172357089
388,14228,531,2013.0,4,10,0.0,0.0,0.7071067811865475,0.0,0.7071067811865475
389,1632,131,2015.0,7,21,0.33943775930455894,0.4276915767237443,0.0,0.06788755186091179,0.835016887889215
390,15532,240,2012.0,0,120,0.7071067811865476,0.0,0.0,0.0,0.7071067811865476
391,12756,137,2012.0,1,64,0.0,0.0,0.7071067811865475,0.0,0.7071067811865475
392,11675,263,1998.0,0,114,0.423999152002544,0.317999364001908,0.0,0.0,0.847998304005088
393,7033,295,2000.0,10,101,0.4645820984297111,0.32163376045133846,0.0,0.07147416898918632,0.8219529433756427
394,9245,133,2015.0,10,87,0.0,0.0,0.7071067811865476,0.0,0.7071067811865476
395,5310,438,2010.0,11,104,0.5328701692569688,0.23168268228563865,0.0,0.06950480468569159,0.8108893879997352
396,5301,398,2008.0,9,40,0.6480524684518547,0.06480524684518547,0.0,0.06480524684518547,0.7560612131938306
397,2518,80,1981.0,0,84,0.6790588108502281,0.04467492176646238,0.0,0.008934984353292475,0.7326687169699829
398,10874,270,2002.0,6,111,0.6047078979069521,0.17277368511627203,0.0,0.0,0.7774815830232241
399,10956,462,2016.0,9,87,0.0,0.0,0.7071067811865476,0.0,0.7071067811865476
400,1923,359,2010.0,0,114,0.4464036863946049,0.3054341012173613,0.015663287241915964,0.07048479258862184,0.8379858674425041
401,4911,86,2008.0,3,9,0.6771991775797204,0.0,0.0,0.05643326479831003,0.7336324423780305
402,12065,449,2012.0,0,87,0.22501758018520476,0.11250879009260238,0.562543950463012,0.0,0.7875615306482168
403,9150,459,1997.0,7,101,0.47304991679126607,0.2956561979945413,0.0,0.05913123959890826,0.8278373543847157
404,3476,159,1998.0,4,19,0.4577036541524985,0.3146712622298427,0.0,0.05721295676906231,0.8295878731514034
405,13922,186,2012.0,0,87,0.0,0.0,0.7071067811865476,0.0,0.7071067811865476
406,1371,223,2005.0,0,39,0.604047320198511,0.15516811895007623,0.0,0.022166874135725177,0.7813823132843124
407,13651,377,2015.0,2,87,0.0,0.0,0.7071067811865476,0.0,0.7071067811865476
408,6781,222,2015.0,0,126,0.10194414990458771,0.5437021328244678,0.0,0.1699069165076462,0.8155531992367017
409,5632,297,1997.0,10,67,0.39611079976488467,0.10562954660396925,0.3432960264629001,0.0,0.845036372831754
410,8034,59,2000.0,0,109,0.4593152121746254,0.3215206485222378,0.0,0.04593152121746254,0.8267673819143256
411,2834,15,1996.0,8,48,0.4607145464823187,0.3109823188755651,0.0,0.057589318310289836,0.8292861836681736
412,8899,18,2008.0,9,120,0.3396831102433787,0.05661385170722979,0.39629696195060854,0.05661385170722979,0.8492077756084468
413,174,138,2000.0,7,105,0.25922389117476674,0.12321135568183357,0.4448409984357108,0.022402064669424286,0.848078162485348
414,7921,51,2010.0,1,120,0.48661135072418965,0.22118697760190442,0.0,0.08847479104076177,0.8405105148872367
415,15494,323,2008.0,7,57,0.0,0.0,0.7071067811865476,0.0,0.7071067811865476
416,1582,224,2012.0,0,126,0.4193760597878682,0.33949490554255995,0.0,0.07322439139153254,0.8387521195757364
417,6439,403,2004.0,3,133,0.5629784083986619,0.20741309783108594,0.0,0.0,0.8000219487770458
418,12833,141,2006.0,0,25,0.48038446141526137,0.32025630761017426,0.0,0.16012815380508713,0.8006407690254357
419,13429,168,2009.0,1,120,0.50709255283711,0.1690308509457033,0.0,0.0,0.8451542547285166
420,7477,451,2012.0,0,9,0.5739590488450357,0.1530557463586762,0.0,0.03826393658966905,0.8035426683830499
421,6910,384,2009.0,5,120,0.0,0.7071067811865475,0.0,0.0,0.7071067811865475
422,8759,210,1989.0,5,15,0.6815093369157297,0.04867923835112355,0.0,0.0,0.7301885752668531
423,11092,346,2008.0,4,116,0.18898223650461363,0.09449111825230681,0.4724555912615341,0.09449111825230681,0.8504200642707613
424,8630,287,2000.0,10,101,0.4653789209955172,0.3102526139970115,0.0,0.051708768999501914,0.8273403039920306
425,16535,375,2011.0,11,122,0.0,0.7071067811865476,0.0,0.0,0.7071067811865476
426,12038,73,2005.0,7,116,0.3638034375544994,0.3638034375544994,0.0,0.12126781251816647,0.8488746876271654
427,63,173,2010.0,8,78,0.5710156133672194,0.16082658811765213,0.006498043964349581,0.06335592865240841,0.8025084295971733
428,15274,523,2003.0,6,7,0.7071067811865476,0.0,0.0,0.0,0.7071067811865476
429,3985,285,2007.0,10,40,0.6677116424898645,0.014838036499774766,0.0,0.05935214599909906,0.7419018249887382
430,15033,496,2013.0,1,60,0.0,0.0,0.7071067811865476,0.0,0.7071067811865476
431,13295,266,2009.0,1,76,0.6246950475544243,0.0,0.0,0.0,0.7808688094430304
432,3866,153,1999.0,11,105,0.1617327052797354,0.11321289369581479,0.5013713863671797,0.048519811583920616,0.8410100674546241
433,10128,157,2011.0,5,75,0.3812464258315117,0.3812464258315117,0.0,0.07624928516630233,0.8387421368293256
434,6905,234,2009.0,7,54,0.6164414002968976,0.0,0.09733285267845752,0.06488856845230502,0.7786628214276602
435,5093,475,1997.0,2,105,0.0,0.0,0.6866706278800816,0.039238321593147524,0.7259089494732291
436,10349,479,2010.0,0,120,0.0,0.5819143739626463,0.0,0.14547859349066158,0.8001322641986387
437,2261,26,1985.0,4,89,0.3572723114540533,0.0824474564893969,0.3939156254493408,0.009160828498821879,0.8427962218916129
438,15993,395,2009.0,2,24,0.0,0.0,0.7071067811865476,0.0,0.7071067811865476
439,4539,125,2004.0,10,101,0.6381935536670477,0.017727598712973545,0.0,0.10636559227784127,0.7622867446578625
440,13644,192,2011.0,5,122,0.0,0.6963106238227913,0.0,0.17407765595569782,0.6963106238227913
441,5329,8,2002.0,10,7,0.41243188390102903,0.3153890876890222,0.0,0.09704279621200683,0.8491244668550597
442,8109,48,2005.0,6,40,0.637288932993131,0.08497185773241747,0.0,0.042485928866208736,0.7647467195917572
443,8472,420,2001.0,6,70,0.4216370213557839,0.3162277660168379,0.0,0.10540925533894598,0.8432740427115678
444,2625,128,2003.0,10,40,0.24963459176571862,0.5096706248550088,0.0,0.05200720661785805,0.8217138645621571
445,11530,450,1995.0,8,63,0.4216370213557839,0.3162277660168379,0.0,0.10540925533894598,0.8432740427115678
446,13213,429,2001.0,6,118,0.34299717028501764,0.34299717028501764,0.0,0.17149858514250882,0.8574929257125442
447,6995,423,2003.0,6,41,0.5851641321982871,0.17210709770537858,0.0,0.034421419541075714,0.7916926494447414
448,2135,143,2003.0,11,89,0.4301556796726319,0.1580163721246403,0.25458193286747605,0.008778687340257794,0.851532672005006
449,14746,370,2003.0,11,15,0.0,0.5345224838248488,0.0,0.2672612419124244,0.8017837257372731
450,5707,77,2003.0,6,125,0.602452454806566,0.17571529931858176,0.0,0.025102185616940248,0.7781677541251477
451,8506,451,2012.0,0,9,0.5541719940458661,0.20151708874395133,0.0,0.05037927218598783,0.8060683549758053
452,3239,499,1995.0,8,100,0.0,0.0,0.7071067811865476,0.0,0.7071067811865476
453,15025,68,2010.0,1,95,0.0,0.0,0.7071067811865476,0.0,0.7071067811865476
454,13297,115,2001.0,10,67,0.50709255283711,0.1690308509457033,0.0,0.0,0.8451542547285166
455,14013,518,2008.0,5,0,0.0,0.5883484054145521,0.0,0.19611613513818404,0.7844645405527362
456,7015,117,2003.0,10,100,0.4043680421515942,0.33084657994221345,0.0,0.11028219331407114,0.8454968154078789
457,9923,191,2011.0,0,73,0.6744532734334624,0.0,0.0,0.06131393394849658,0.7357672073819589
458,8131,9,2011.0,0,100,0.4642383454426297,0.2785430072655778,0.0,0.09284766908852594,0.8356290217967334
459,7186,78,1981.0,0,15,0.6901028188958136,0.03286203899503875,0.0,0.0,0.7229648578908524
460,5908,358,2011.0,3,120,0.4195906791483446,0.33567254331867563,0.0,0.08391813582966891,0.8391813582966892
461,14758,99,2016.0,6,28,0.0,0.7071067811865475,0.0,0.0,0.7071067811865475
462,16345,136,2007.0,9,71,0.0,0.0,0.7071067811865476,0.0,0.7071067811865476
463,11437,320,2002.0,10,110,0.5883484054145521,0.19611613513818404,0.0,0.0,0.7844645405527362
464,1559,281,2008.0,10,114,0.6142255857974704,0.09827609372759527,0.0,0.06756481443772175,0.7800664939627875
465,10409,399,2010.0,3,101,0.0,0.5819143739626463,0.0,0.14547859349066158,0.8001322641986387
466,13182,516,2001.0,4,38,0.34299717028501764,0.34299717028501764,0.0,0.17149858514250882,0.8574929257125442
467,6634,340,2000.0,10,67,0.0,0.0,0.7071067811865475,0.0,0.7071067811865475
468,9019,456,1998.0,0,101,0.47304991679126607,0.2956561979945413,0.0,0.05913123959890826,0.8278373543847157
469,1125,116,2004.0,10,100,0.6863928368977628,0.008914192686983933,0.0,0.031199674404443763,0.7265067039891904
470,12187,44,2008.0,3,40,0.6469966392206304,0.0,0.0,0.10783277320343841,0.754829412424069
471,8123,242,2011.0,0,111,0.575649675601062,0.17712297710801905,0.0,0.04428074427700476,0.7970533969860857
472,3902,283,2006.0,10,40,0.6765566998334397,0.0,0.0,0.057579293602845937,0.7341359934362857
473,5735,466,2005.0,0,15,0.5860942701532693,0.17837651700316895,0.0,0.025482359571881275,0.7899531467283195
474,10392,407,2002.0,8,9,0.5743665268941904,0.2153874475853214,0.0,0.0,0.7897539744795119
475,3375,293,2010.0,10,40,0.5434260972928149,0.17661348162016485,0.0,0.09509956702624262,0.8151391459392223
476,3647,3,2009.0,3,36,0.6860540415701545,0.0,0.0,0.05277338781308881,0.7256340824299712
477,439,363,2012.0,8,25,0.24802414150808869,0.27339024688959773,0.24802414150808869,0.11837515844704231,0.8878136883528174
478,7984,331,2014.0,7,100,0.0,0.0,0.7071067811865476,0.0,0.7071067811865476
479,4255,503,2010.0,10,67,0.6116648994275263,0.10194414990458774,0.0,0.06796276660305849,0.7815718159351727
480,6007,152,2002.0,2,87,0.0,0.0,0.69438089090082,0.024799317532172144,0.7191802084329921
481,10231,425,1996.0,2,25,0.0,0.0,0.7071067811865475,0.0,0.7071067811865475
482,6919,11,2011.0,5,45,0.0,0.5918363542992863,0.0,0.16439898730535732,0.7891151390657151
483,1591,360,1996.0,10,88,0.6174129159030386,0.081074423300399,0.06236494100030693,0.02494597640012277,0.7795617625038366
484,1632,131,2015.0,7,21,0.33943775930455894,0.4276915767237443,0.0,0.06788755186091179,0.835016887889215
485,14299,36,,3,133,0.0,0.0,0.7071067811865475,0.0,0.7071067811865475
486,10440,194,2003.0,10,67,0.0,0.0,0.7071067811865475,0.0,0.7071067811865475
487,6158,530,2007.0,11,67,0.39160890153370564,0.06024752331287779,0.3614851398772667,0.030123761656438895,0.843465326380289
488,2950,269,1997.0,6,40,0.46670621682749547,0.311137477884997,0.0,0.059834130362499426,0.8257109990024919
489,8966,311,2010.0,10,22,0.6205052279940231,0.10341753799900384,0.0,0.05170876899950192,0.7756315349925288
490,8059,254,2005.0,11,67,0.5063160398440778,0.046028730894916166,0.23014365447458085,0.046028730894916166,0.828517156108491
491,13816,67,2008.0,1,95,0.0,0.0,0.7071067811865476,0.0,0.7071067811865476
492,9721,354,2010.0,5,31,0.6744532734334624,0.0,0.0,0.06131393394849658,0.7357672073819589
493,5662,96,2008.0,10,42,0.0,0.0,0.7071067811865476,0.0,0.7071067811865476
494,14011,120,2007.0,7,120,0.0,0.0,0.7071067811865476,0.0,0.7071067811865476
495,13247,477,2007.0,1,67,0.0,0.0,0.7071067811865475,0.0,0.7071067811865475
496,5889,318,2006.0,3,103,0.0,0.0,0.7071067811865475,0.0,0.7071067811865475
497,14450,386,2009.0,8,102,0.30151134457776363,0.30151134457776363,0.0,0.0,0.9045340337332909
498,35,55,2012.0,8,9,0.3076449413286505,0.3625154819664258,0.04007399035343143,0.15536377798561107,0.8649816687056044
499,10219,480,1999.0,4,120,0.6270597128624558,0.1393466028583235,0.0,0.0,0.7664063157207793
500,9321,379,2002.0,10,39,0.42288546533112387,0.30206104666508843,0.0,0.12082441866603538,0.8457709306622477
501,16267,388,2010.0,11,108,0.0,0.0,0.7071067811865476,0.0,0.7071067811865476
502,11039,196,2007.0,10,67,0.0,0.0,0.7071067811865476,0.0,0.7071067811865476
503,12830,248,2002.0,7,88,0.6172133998483676,0.1543033499620919,0.0,0.0,0.7715167498104595
504,16316,273,2009.0,11,90,0.0,0.0,0.7071067811865476,0.0,0.7071067811865476
505,15610,387,2006.0,0,100,0.0,0.0,0.7071067811865476,0.0,0.7071067811865476
506,14044,45,2008.0,3,49,0.6,0.0,0.0,0.0,0.7999999999999999
507,1884,119,2009.0,11,100,0.006833943479858153,0.6628925175462408,0.0,0.07517337827843967,0.7448998393045387
508,12245,58,2014.0,3,46,0.0,0.0,0.7071067811865476,0.0,0.7071067811865476
509,15592,327,2008.0,5,94,0.0,0.4472135954999579,0.0,0.0,0.8944271909999159
510,9796,47,2004.0,1,40,0.588348405414552,0.19611613513818402,0.0,0.0,0.7844645405527361
511,14693,444,2011.0,3,4,0.0,0.5547001962252291,0.0,0.0,0.8320502943378437
512,5672,454,1997.0,9,58,0.0,0.0,0.6832312780114155,0.0455487518674277,0.7287800298788432
513,14651,445,2009.0,1,69,0.0,0.0,0.7071067811865475,0.0,0.7071067811865475
514,3006,490,2008.0,0,119,0.4363425005007408,0.27427242888618,0.012466928585735452,0.12466928585735453,0.8477511438300108
515,6048,84,1996.0,3,113,0.0,0.0,0.680552134017394,0.05041126918647363,0.7309634032038675
516,15462,70,2008.0,7,101,0.0,0.0,0.7071067811865476,0.0,0.7071067811865476
517,2411,265,2015.0,0,132,0.0,0.0,0.7071067811865476,0.0,0.7071067811865476
518,14900,182,2008.0,3,31,0.0,0.0,0.7071067811865475,0.0,0.7071067811865475
519,13313,33,1993.0,7,100,0.0,0.0,0.7071067811865475,0.0,0.7071067811865475
520,15334,452,2014.0,7,90,0.0,0.0,0.7071067811865476,0.0,0.7071067811865476
521,12383,215,2001.0,4,68,0.5345224838248488,0.2672612419124244,0.0,0.0,0.8017837257372731
522,5630,343,2003.0,0,120,0.6088512801793537,0.1461243072430449,0.0,0.02435405120717415,0.7793296386295728
523,11816,495,1998.0,0,1,0.46499055497527714,0.34874291623145787,0.0,0.0,0.8137334712067351
524,1611,417,2005.0,0,9,0.534227462158469,0.2475688239270954,0.0,0.026059876202852147,0.8078561622884166
525,6371,393,2009.0,7,16,0.42799248836102016,0.0,0.3668507043094458,0.03057089202578715,0.8254140846962531
526,14222,56,2009.0,8,120,0.0,0.6882472016116853,0.0,0.22941573387056177,0.6882472016116853
527,3458,502,2015.0,10,114,0.4458701217780965,0.3164239573909072,0.0,0.07191453577066073,0.8342086149396644
528,13731,155,2011.0,8,11,0.0,0.0,0.7071067811865476,0.0,0.7071067811865476
529,2275,183,2011.0,8,111,0.30310315639476976,0.37887894549346224,0.03788789454934622,0.1420796045600483,0.8619496009976265
530,5126,154,2000.0,7,27,0.0,0.0,0.6507614678256674,0.10168147934776052,0.7524429471734279
531,10291,4,2005.0,6,73,0.6711560552140243,0.0,0.0,0.06711560552140243,0.7382716607354267
532,15356,95,2011.0,9,133,0.0,0.7071067811865476,0.0,0.0,0.7071067811865476
533,1213,88,2000.0,7,101,0.4571355172706186,0.24233690072177372,0.04406125467668613,0.10464547985712956,0.848179152526208
534,1450,478,2008.0,8,120,0.4168956930844223,0.2842470634666516,0.025266405641480142,0.13264862961777074,0.8527411903999548
535,9539,277,2007.0,10,101,0.39223227027636803,0.3268602252303067,0.0,0.13074409009212268,0.8498365855987975
536,955,298,2001.0,3,87,0.6886693847583918,0.02786523522143782,0.0,0.007961495777553663,0.7244961157573834
537,16478,408,2003.0,8,112,0.7071067811865476,0.0,0.0,0.0,0.7071067811865476
538,9572,508,2008.0,0,116,0.39223227027636803,0.3268602252303067,0.0,0.13074409009212268,0.8498365855987975
539,5150,524,2006.0,7,87,0.21055872190307895,0.16376789481350587,0.4211174438061579,0.0467908270895731,0.8656303011571023
540,4026,272,2011.0,6,101,0.3652311999283316,0.3478392380269825,0.0,0.139135695210793,0.852206133166107
541,15470,25,2011.0,5,17,0.0,0.7071067811865476,0.0,0.0,0.7071067811865476
542,7936,467,2009.0,0,87,0.6662825314191774,0.0,0.0,0.03919309008348102,0.7446687115861395
543,10562,525,2014.0,0,116,0.41522739926869984,0.3321819194149599,0.0,0.16609095970747995,0.8304547985373997
544,412,487,2003.0,0,9,0.4806189426447635,0.26701052369153533,0.0050859147369816254,0.07883167842321519,0.8315470594964957
545,11590,338,2004.0,3,10,0.5883484054145521,0.19611613513818404,0.0,0.0,0.7844645405527362
546,15622,396,2007.0,1,64,0.0,0.0,0.7071067811865476,0.0,0.7071067811865476
547,9819,118,1999.0,4,63,0.6350006350009525,0.1270001270001905,0.0,0.0,0.762000762001143
548,3239,499,1995.0,8,100,0.0,0.0,0.7071067811865476,0.0,0.7071067811865476
549,9265,369,2009.0,8,21,0.6130060338328881,0.11145564251507056,0.0,0.05572782125753528,0.7801894976054939
550,8530,40,2015.0,0,116,0.38302295861520796,0.21887026206583313,0.16415269654937484,0.10943513103291656,0.8754810482633325
551,4962,432,1994.0,10,87,0.0,0.0,0.7071067811865475,0.0,0.7071067811865475
552,1794,335,1990.0,9,89,0.34566930202396773,0.12774735074798807,0.36069840211196624,0.015029100087998595,0.8566587050159199
